player,kind,minutes,games,return_date,usage,note,source_url
Tyrese Haliburton,injury_return,,68,,,Missed all of 2025-26 (Achilles); calls himself 100% with no restrictions; load will be watched. A lost season is not fragility.,https://www.hoopsrumors.com/2026/09/injury-updates-haliburton-curry-luka-beal-bulls-more.html
Jayson Tatum,injury_return,,70,,,16 games after Achilles surgery; fully healthy 16 months out and the lone star after Brown's trade.,https://www.hoopsrumors.com/2026/09/atlantic-notes-tatum-robinson-leonard-yoshimoto.html
Kyrie Irving,injury_return,,60,,,Missed 2025-26 (ACL); no restrictions per AP. Age 34 and a lingering knee note keep games below a healthy prime season.,https://www.hoopsrumors.com/2026/09/mavericks-notes-irving-flagg-lively-may.html
Damian Lillard,injury_return,,58,,,Missed 2025-26 (Achilles); looks like himself in camp but turns 37 in July. Age-36 guard off an Achilles: mid-50s to 60 games.,https://www.hoopsrumors.com/2026/09/northwest-notes-lillard-wallace-strawther-jazz.html
Fred VanVleet,injury_return,,64,,,Cleared after the ACL; projected starting PG; will sit back-to-backs early.,https://www.nba.com/news/live-updates-2026-27-houston-rockets-media-day
Trae Young,injury_return,,70,,,15 games in 2025-26; healthy and runs WAS's offense for a full season on a new 4-year deal.,https://www.nba.com/news/2026-27-season-preview-was
Anthony Davis,injury_return,,58,,,20 games in 2025-26; age 33 with a long injury history and a minor finger note. A full-time starter when he plays.,https://www.hoopsrumors.com/2026/09/extension-notes-zion-bey-ad-mpj-wallace.html
Walker Kessler,injury_return,30,68,,,5 games (shoulder) in 2025-26; now LAL's starting C on a 4-yr/$130M deal. Two prior seasons at 58-64 games.,https://www.hoopsrumors.com/2026/09/lakers-pelinka-talks-lebron-offseason-kessler-ownership-more.html
Dejounte Murray,injury_return,31,66,,,Back from the Achilles for 14 games; full season as NOP's starting PG under Mosley.,https://www.hoopsrumors.com/2026/08/dejounte-murray-explains-why-he-returned-for-14-games-last-season.html
Zach Edey,injury_return,,64,,,11 games after two ankle surgeries; cleared for on-court work and on pace for the opener.,https://www.hoopsrumors.com/2026/09/grizzlies-notes-edey-morant-jerome-peavy-saunders.html
Giannis Antetokounmpo,injury_return,,65,,,36 games in 2025-26 is the outlier against 67-73 the two seasons before; age 32 on a new team.,https://www.espn.com/nba/story/_/id/49149967/bucks-trading-giannis-antetokounmpo-bobby-portis
Ivica Zubac,role,30,72,,,Full season as IND's starting C beside Haliburton after 5 games post-deadline; 14.4/11.0 as LAC's starter.,https://www.nba.com/news/2026-27-season-preview-ind
Ja Morant,injury_return,,55,,0.95,79 games over three seasons (injuries and suspensions); shares the ball with Lillard in POR.,https://www.hoopsrumors.com/2026/09/western-notes-simmons-zion-morant-grizzlies-thomas.html
Paul George,injury_return,,55,,,Age 36; has missed nearly 40% of games since 2019-20; now BOS's No. 2 option.,https://www.hoopsrumors.com/2026/09/celtics-notes-conley-pritchard-mazzulla-george.html
Stephen Curry,age,,62,,,Age 38; runner's knee cost him 39 games in 2025-26; says no limits but admits ongoing management.,https://www.hoopsrumors.com/2026/09/injury-updates-haliburton-curry-luka-beal-bulls-more.html
Jimmy Butler III,injury_current,,,2027-01-05,,Torn ACL 2026-01-19; not ready for opening night; CBS at least Dec 1 and the team says mid-season. Age 37.,https://www.hoopsrumors.com/2026/09/warriors-notes-butler-moody-curry-podziemski-green-more.html
Shaedon Sharpe,injury_current,,,2027-03-02,,Meniscus surgery 2026-08-26 with a six-month re-evaluation; CBS at least Mar 2.,https://www.hoopsrumors.com/2026/08/shaedon-sharpe-to-miss-six-months-with-torn-meniscus.html
Mark Williams,injury_current,,,2027-02-10,,Labrum surgery 2026-09-10 with about a five-month recovery.,https://www.hoopsrumors.com/2026/09/suns-mark-williams-undergoes-shoulder-surgery.html
Donte DiVincenzo,injury_current,,,2027-04-01,,Torn Achilles in the 2026 playoffs; a return near season's end is the optimistic case.,https://www.hoopsrumors.com/2026/09/wolves-gm-talks-c-williams-lamelo-divincenzo-more.html
Brandon Ingram,injury_current,,,2026-11-15,,Partially torn Achilles found during heel surgery; misses the start; CBS at least Nov 1 — mid-November is the cautious read.,https://www.hoopsrumors.com/2026/09/brandon-ingram-to-miss-start-of-regular-season-with-partially-torn-achilles.html
Dereck Lively II,injury_current,,,2026-11-15,,Not cleared for camp after December foot surgery; status for the opener undetermined.,https://www.hoopsrumors.com/2026/09/dereck-lively-not-cleared-for-training-camp-could-miss-start-of-season.html
Kristaps Porzingis,injury_current,,50,,,Out indefinitely with an undisclosed issue as camp opened; GM not ruling out the opener. Chronic availability questions.,https://www.hoopsrumors.com/2026/09/kristaps-porzingis-out-indefinitely-with-health-issue.html
Moses Moody,injury_current,,,2027-01-15,,Torn patellar tendon (March 2026); hoping for a second-half return.,https://www.hoopsrumors.com/2026/09/warriors-notes-butler-moody-curry-podziemski-green-more.html
Khaman Maluach,role,23,,,,Starts at C for PHX while Mark Williams is out (until ~February); 8.9 minutes as a rookie.,https://www.nba.com/news/2026-27-season-preview-phx
Jusuf Nurkic,role,26,,,,UTA's starting C after Kessler's sign-and-trade; re-signed 2 yr/$22M.,https://www.hoopsrumors.com/players/jusuf-nurkic
Day'Ron Sharpe,role,26,,,,Projected BKN starting C for the first time after Claxton went to CHI.,https://clutchpoints.com/nba/brooklyn-nets/projecting-nets-rotation-2026-27-season
Jonathan Kuminga,role,30,,,,MIN's projected starting PF after Randle and Reid left in the Ball trade.,https://www.si.com/nba/timberwolves/onsi/jonathan-kuminga-arrival-timberwolves-clarity-mul
Naz Reid,role,29,,,,Sixth man to CHA's projected starting PF (~31 mpg per SI; NBA.com still sees a sixth-man role) — split the difference.,https://www.si.com/nba/hornets/onsi/projecting-the-charlotte-hornets-2026-27-early-season-
Bam Adebayo,role,,,,0.92,Giannis arrives in MIA; Adebayo keeps the defense and boards but loses touches.,https://lastwordonsports.com/basketball/2026/09/09/heat-starting-lineup/
Tyler Herro,role,,,,1.06,Headliner of MIL's Giannis return; projected to be more ball-dominant under Taylor Jenkins.,https://www.si.com/nba/bucks/onsi/grading-every-milwaukee-bucks-projected-starter-for-the-
LaMelo Ball,trade,,,,0.94,Joins Edwards in MIN; shares initiation after running CHA's offense alone.,https://www.nba.com/news/4-takeaways-lamelo-ball-naz-reid-trade-minnesota-charlotte
Anthony Edwards,role,,,,0.97,Handles the ball less with LaMelo Ball in MIN.,https://www.nba.com/news/4-takeaways-lamelo-ball-naz-reid-trade-minnesota-charlotte
Tyrese Maxey,role,,,,0.93,LeBron and Jaylen Brown arrive; Maxey plays more off the ball.,https://www.nba.com/news/2026-27-season-preview-phi
Joel Embiid,role,,52,,0.95,38 games in 2025-26; expected to sit most back-to-backs; fewer touches in a five-star lineup.,https://www.hoopsrumors.com/2026/09/sixers-notes-wade-simons-barlow-edwards-title-hopes.html
LeBron James,trade,,58,,0.88,Age 41 on a minimum deal in PHI; rests most back-to-backs; a starter but one of five scorers.,https://www.hoopsrumors.com/2026/09/sixers-notes-wade-simons-barlow-edwards-title-hopes.html
Jaylen Brown,trade,,,,0.94,"Traded to PHI for Paul George; shares a crowded lineup with Maxey, Embiid and LeBron.",https://www.nba.com/news/2026-27-season-preview-phi
VJ Edgecombe,role,,,,0.90,Year-2 growth meets a crowded PHI lineup (LeBron and Brown added).,https://www.nba.com/news/2026-27-season-preview-phi
Luka Doncic,role,,,,1.03,LeBron gone; Doncic is LAL's lone primary initiator; healthy after the playoff hamstring.,https://www.nba.com/news/2026-27-season-preview-lal
Austin Reaves,role,,,,1.05,Re-signed as the clear No. 2 option and main ball-handler beside Doncic.,https://www.nba.com/news/2026-27-season-preview-lal
Darius Garland,role,,,,1.06,LAC's lead creator with Kawhi traded and Ingram and Beal out to start.,https://www.espn.com/nba/story/_/id/50053694/clippers-brandon-ingram-miss-start-season-sur
Deni Avdija,role,,,,0.90,POR's 2025-26 leading scorer (24.2 ppg) loses touches to Lillard and Morant.,https://www.nba.com/news/2026-27-season-preview-por
Coby White,role,32,,,1.05,CHA's starting PG with LaMelo Ball gone; re-signed 3 yr/$74M.,https://www.hoopsrumors.com/players/coby-white
Brandon Miller,role,,,,1.05,CHA's primary offensive engine with Ball and Bridges gone.,https://www.nba.com/news/2026-27-season-preview-cha
Brandin Podziemski,role,,,,1.06,Gains shots with Butler out until mid-season and Spencer gone.,https://www.nba.com/news/2026-27-season-preview-gsw
Kawhi Leonard,trade,,,,1.04,TOR's No. 1 scorer after replacing Ingram; age 35.,https://www.nba.com/news/2026-27-season-preview-tor
